product_title,variant_sku,net_quantity,gross_sales,discounts,returns,net_sales,taxes,total_sales
MONICA,88119-BLK/FD,1270,15157300.000,-2516402.930,-416500.000,12224397.070,0.000,12224397.070
MONICA,88119-BRN/BRNFD-C10-02,1113,14225200.000,-3337028.550,-373560.000,10514611.450,0.000,10514611.450
MIA,MIA-BLK/BLKPL,1017,11825900.000,-1753166.660,-264800.000,9807933.340,0.000,9807933.340
SAHARA,189-GOLD/BLK,1016,11371500.000,-1617182.570,-183766.660,9570550.770,0.000,9570550.770
ECSTASY,AC-000151-BLK/BLKFD,941,11592600.000,-1368111.600,-427500.000,9796988.400,0.000,9796988.400
LAGUNA,169-BLK/BLK,909,11345700.000,-2611580.000,-262910.000,8471210.000,0.000,8471210.000
HOT PARTY SUNSET GLASS,185-BLK/BLK,880,10227400.000,-1752410.190,-338200.000,8136789.810,0.000,8136789.810
SLASH,154-BLK/BLKFD,871,10228100.000,-1191221.430,-256133.340,8780745.230,0.000,8780745.230
MONICA,88119-BLK/BLK-C9-08,806,10118700.000,-2210798.070,-249193.100,7658708.830,0.000,7658708.830
LAGUNA,169-BRN/BRN,700,8938100.000,-2234740.000,-258400.000,6444960.000,0.000,6444960.000
LAGUNA,169-SLV/BLK,654,8627800.000,-2315277.850,-207143.400,6105378.750,0.000,6105378.750
CARMEN,7171-GOLD/SHADOW C9,634,7733700.000,-1440630.190,-239533.340,6053536.470,0.000,6053536.470
SLASH,154-BLK/BLK,625,6993600.000,-478500.000,-141200.000,6373900.000,0.000,6373900.000
CARMEN,7171-GOLD/GRNPINK C8,616,7295900.000,-1408638.950,-178800.000,5708461.050,0.000,5708461.050
GENERATION,159-BLK/BLK,607,7279900.000,-1152663.540,-184700.000,5942536.460,0.000,5942536.460
SLASH,154-BLK/BLUE,585,7450900.000,-1302593.270,-330816.670,5817490.060,0.000,5817490.060
BORA BORA,168-BLK/FD,571,6161400.000,-512180.190,-28800.000,5620419.810,0.000,5620419.810
HOT PARTY SUNSET GLASS,185-BLUE/BLKFD,552,6719600.000,-1344823.840,-253900.000,5120876.160,0.000,5120876.160
STELLA,166-GOLD/BLKFD,537,6941800.000,-1599633.400,-204703.740,5137462.860,0.000,5137462.860
STELLA,166-GOLD/GREYFD,536,6751000.000,-1507183.470,-227200.000,5016616.530,0.000,5016616.530
SPITZ,155-BLK/BLK,532,6523000.000,-902939.940,-228900.000,5391160.060,0.000,5391160.060
ECSTASY,AC-000151-BLK/BLKPOL,521,6690500.000,-801298.980,-289500.000,5599701.020,0.000,5599701.020
SLASH,154-WHT/BLKFD,519,6531000.000,-1336524.290,-214100.000,4980375.710,0.000,4980375.710
LAGUNA,169-BLKRED/BLK,507,6537000.000,-1552775.000,-274900.000,4709325.000,0.000,4709325.000
HOT PARTY SUNSET GLASS,185-BLK/BLUEFD,499,5883200.000,-1017400.000,-311100.000,4554700.000,0.000,4554700.000
CARMEN,7171-GOLD/BRN C5,494,5813200.000,-995890.200,-82900.000,4734409.800,0.000,4734409.800
NEVADA,160-BLK/BLK,483,5818300.000,-1003417.920,-118100.000,4696782.080,0.000,4696782.080
BORA BORA,168-BLK/BLK,469,5941300.000,-1408177.300,-324200.000,4208922.700,0.000,4208922.700
LAGUNA,169-BEIGE/GREY,464,6416100.000,-2015131.660,-169650.000,4231318.340,0.000,4231318.340
HOT PARTY MIDDAY GLASS,184-BLK/BLK,464,5399200.000,-986347.410,-141900.000,4270952.590,0.000,4270952.590
LEGEND,162-BLK/SHADOW,453,5295000.000,-713642.860,-113333.330,4468023.810,0.000,4468023.810
ECSTASY MINI,AC-164-BLK/BLKPOL,452,6231200.000,-1326223.790,-208900.000,4696076.210,0.000,4696076.210
ADORA,161-GOLD/BLKPL,452,5927900.000,-1290947.720,-218500.000,4418452.280,0.000,4418452.280
PHANTOM,174-BRN/BRNFD,442,5770500.000,-1709520.130,-167900.000,3893079.870,0.000,3893079.870
LAGUNA,169-BLK/FD,436,5398400.000,-1187003.530,-142600.000,4068796.470,0.000,4068796.470
BORA BORA,168-BEIGE/GREY,412,4944500.000,-1032870.000,-128210.000,3783420.000,0.000,3783420.000
HOT PARTY MIDDAY GLASS,184-TORT/BRNFD,411,4977600.000,-1242200.000,-105600.000,3629800.000,0.000,3629800.000
LEGEND,162-BLK/BLK,406,4938200.000,-965909.610,-190600.000,3781690.390,0.000,3781690.390
GENERATION,159-BLK/GRN,397,5295200.000,-1461935.080,-130856.590,3702408.330,0.000,3702408.330
SAHARA,189-BLK/BLK,382,4774100.000,-1101871.990,-140100.000,3532128.010,0.000,3532128.010
SPITZ,155-PEACH/SLV,373,4682000.000,-669835.310,-97466.670,3914698.020,0.000,3914698.020
JAGA JAGA,167-BLK/BLK,373,4539500.000,-933100.010,-139900.000,3466499.990,0.000,3466499.990
LAGUNA,169-GRN/BLK,370,4649200.000,-1168616.670,-116650.000,3363933.330,0.000,3363933.330
EXTRA,88264-BLACK-C9-08,368,4578700.000,-1064858.330,-47300.000,3466541.670,0.000,3466541.670
ECSTASY MINI,AC-164-BLK/SHADOW,368,4813600.000,-705395.610,-283000.000,3825204.390,0.000,3825204.390
MONICA,88119-BLK/ROSE-C9-43,367,4972800.000,-1439850.130,-140475.000,3392474.870,0.000,3392474.870
BORA BORA,168-BRN/BRN,363,4463600.000,-970890.000,-130800.000,3361910.000,0.000,3361910.000
MIA,MIA-BLK/BLKFD,359,4833900.000,-1129839.940,-172366.660,3531693.400,0.000,3531693.400
BORA BORA,168-SLV/BLK,356,4060600.000,-529933.340,-97600.000,3433066.660,0.000,3433066.660
STELLA,166-GOLD/BRNFD,344,4404300.000,-1081291.240,-48000.000,3275008.760,0.000,3275008.760
CARMEN,7171-SLV/GREY C6,343,4327600.000,-958116.670,-95800.000,3273683.330,0.000,3273683.330
ADORA,161-GOLD/BLK,341,4453700.000,-1126200.000,-97600.000,3229900.000,0.000,3229900.000
LEGEND,162-NAVYTORT/FADE,337,3938700.000,-562696.850,-137200.000,3238803.150,0.000,3238803.150
LAMBO,158-BLK/BRN,331,4480200.000,-1346798.510,-108800.000,3024601.490,0.000,3024601.490
OLIVER,88274-BLACK-C9-08,330,4357600.000,-1104693.170,-188000.000,3064906.830,0.000,3064906.830
MIA,MIA-BLK/BLK,325,3654600.000,-258633.330,-70133.330,3325833.340,0.000,3325833.340
MIA,MIA-TORTBRN/SHADOWPL,325,4033900.000,-719835.860,-159402.520,3154661.620,0.000,3154661.620
ADORA,161-BLK/BLKFD,324,4384300.000,-1028890.250,-89400.000,3266009.750,0.000,3266009.750
CARMEN,7171-GOLD/FD C7,310,3707000.000,-580566.660,-105600.000,3020833.340,0.000,3020833.340
CARMEN,7171-SLV/ROSE C4,305,3602600.000,-668966.670,-86400.000,2847233.330,0.000,2847233.330
CARMEN,7171-SLV/GRN C3,303,3993400.000,-1014143.400,-113500.000,2865756.600,0.000,2865756.600
NEVADA,160-BLK/BLKFD,302,3756100.000,-693383.320,-118600.000,2944116.680,0.000,2944116.680
HOT PARTY SUNSET GLASS,185-TORT/BRNFD,292,3546200.000,-822820.000,-126900.000,2596480.000,0.000,2596480.000
Di,7316-BRN/BRN-C10-02//C2-29,291,3729000.000,-852016.670,-130800.000,2746183.330,0.000,2746183.330
SAHARA,189-GOLD/BRN,291,3387000.000,-684315.020,-73600.000,2629084.980,0.000,2629084.980
ROLLA,176-BLK/BLK,286,3408300.000,-603348.320,-105400.000,2699551.680,0.000,2699551.680
MIA,MIA-RED/BLK,286,3575600.000,-925566.670,-37700.000,2612333.330,0.000,2612333.330
HOT PARTY SUNSET GLASS,185-BLK/GRN,285,3243200.000,-578083.470,-96000.000,2569116.530,0.000,2569116.530
LAMBO,158-BLK/FD,284,4261400.000,-1352616.660,-159575.000,2749208.340,0.000,2749208.340
HOT PARTY MIDDAY GLASS,184-BLUE/BLKFD,281,3627200.000,-1086000.000,-121300.000,2419900.000,0.000,2419900.000
MONICA,88119-BLK/SLVFD-C4-62,280,3967400.000,-1408350.000,-44800.000,2514250.000,0.000,2514250.000
YADA YADA,201-MTBLK/SHADOW,278,3170800.000,-453733.340,-75400.000,2641666.660,0.000,2641666.660
LAMBO,158-BLK/BLK,274,4127500.000,-1508326.270,-114600.000,2504573.730,0.000,2504573.730
BORA BORA,168-BLKRED/BLK,273,3510100.000,-944283.330,-89400.000,2476416.670,0.000,2476416.670
ECSTASY,AC-000151-GOLD/BRNPOL,268,3522900.000,-398250.000,-142600.000,2982050.000,0.000,2982050.000
MALIBU,173-BLK/BLK,267,3538600.000,-773316.670,-209300.000,2555983.330,0.000,2555983.330
CARMEN,7171-BLK/BLK C1,264,3306100.000,-793346.850,-75400.000,2437353.150,0.000,2437353.150
PHANTOM,174-BLK/BLKFD,259,3285000.000,-739090.000,-110900.000,2435010.000,0.000,2435010.000
PHANTOM,174-BLK/SHADOW,257,3091300.000,-600533.330,-115233.330,2375533.340,0.000,2375533.340
ECSTASY MINI,AC-164-BLK/BLICK,256,3495500.000,-879400.670,-120200.000,2495899.330,0.000,2495899.330
GENERATION,159-TORT/BLKFD,252,3168500.000,-642883.330,-191633.340,2333983.330,0.000,2333983.330
SLASH,154-TORT/BRNFD,249,3024100.000,-482116.650,-65600.000,2476383.350,0.000,2476383.350
HIKER BIG,171-BLK/BLKPL,249,3168700.000,-676150.000,-94200.000,2398350.000,0.000,2398350.000
HIKER,170-BLK/BLKPL,246,3204000.000,-869283.320,-99400.000,2235316.680,0.000,2235316.680
CARMEN,7171-SLV/BLUE C2,239,3109300.000,-820325.000,-205900.000,2083075.000,0.000,2083075.000
ARIANA POLARIZED,1303-BLK/BLK C1,239,3097100.000,-523466.670,-152800.000,2420833.330,0.000,2420833.330
LAMBO,158-BLK/SLV,238,3199300.000,-897164.820,-139700.000,2162435.180,0.000,2162435.180
TOKYO,181-BLK/BLK,234,3646800.000,-1315993.410,-43000.000,2287806.590,0.000,2287806.590
HOT PARTY MIDDAY GLASS,184-BLK/BLUEFD,231,2769800.000,-652300.000,-92800.000,2024700.000,0.000,2024700.000
ECSTASY MINI,AC-164-GOLD/BRNPOL,230,3105000.000,-751316.960,-56200.000,2297483.040,0.000,2297483.040
YADA YADA,201-BLK/SHADOW,224,2769000.000,-604001.670,-75400.000,2089598.330,0.000,2089598.330
ECSTASY,AC-000151-BRN/BRNFD,223,2854700.000,-338865.650,-85200.000,2430634.350,0.000,2430634.350
SPITZ,155-TORT/BRN,220,2598900.000,-433787.360,-82500.000,2082612.640,0.000,2082612.640
MIA,MIA-BRN/BRNPL,212,2722500.000,-657421.420,-72000.000,1993078.580,0.000,1993078.580
HIKER,170-BRN/BRNPL,212,2848600.000,-627200.000,-90700.000,2130700.000,0.000,2130700.000
PHANTOM,174-BLK/SLVFD,205,2488900.000,-542418.370,-67200.000,1879281.630,0.000,1879281.630
MIA,MIA-MTBLK/BLKPL,204,2533900.000,-522533.330,-54400.000,1956966.670,0.000,1956966.670
STEVE,TR-07 C1,202,2658400.000,-730816.670,-67200.000,1860383.330,0.000,1860383.330
MELISSA,177-BLK/BLK,201,2481200.000,-542016.670,-67200.000,1871983.330,0.000,1871983.330
LEGEND,162-MTBLK/BLKPL,200,2572400.000,-438550.000,-131600.000,2002250.000,0.000,2002250.000
EXCELLENCE,AC-000150-BLK/CLRSHADOW,198,2584300.000,-497233.340,-107433.330,1979633.330,0.000,1979633.330
PRIME,86630-BLACK,195,2465500.000,-667816.660,-56640.000,1741043.340,0.000,1741043.340
LEGEND,162-TORT/SHADOW,195,2329400.000,-422886.820,-112300.000,1794213.180,0.000,1794213.180
POWERFUL,TR02-C1,192,2539000.000,-609680.000,-131600.000,1797720.000,0.000,1797720.000
INDEPENDENCE,TR-08 C1,192,2523600.000,-693530.000,-78800.000,1751270.000,0.000,1751270.000
HIKER,170-BLK-RED,191,2327300.000,-478450.000,-102800.000,1746050.000,0.000,1746050.000
JAGA JAGA,167-MILKTORT/FD,191,2616000.000,-778159.260,-88050.000,1749790.740,0.000,1749790.740
ICON,193-BLK/BLK,191,2402300.000,-583696.670,-81600.000,1737003.330,0.000,1737003.330
JORDAN,190-BLKFD,190,3130200.000,-1251080.000,-118100.000,1761020.000,0.000,1761020.000
CORNER POLARIZED,P7323-GM/BLK-C2-31,189,2383600.000,-570556.670,-80200.000,1732843.330,0.000,1732843.330
JOLY,88239-BLACK-C9-08,189,2546400.000,-678250.000,-127500.000,1740650.000,0.000,1740650.000
ECSTASY,AC-000151-BLK/BLT,186,2519900.000,-502400.000,-106000.000,1911500.000,0.000,1911500.000
ECSTASY MINI,AC-164-BRN/BRNFD,186,2535000.000,-332490.170,-126833.330,2075676.500,0.000,2075676.500
HIKER BIG,171-TORT/BRNFD,182,2423900.000,-693121.670,-56200.000,1674578.330,0.000,1674578.330
YADA YADA,201-BLK/BLKFD,180,2189000.000,-502540.000,-43000.000,1643460.000,0.000,1643460.000
CORNER,7323-BLK/BLK C9-08,177,2261600.000,-530356.910,-66466.670,1664776.420,0.000,1664776.420
NEVADA,160-WHT/BLK,176,2152100.000,-486571.430,-95300.000,1570228.570,0.000,1570228.570
BORA BORA,168-GRN/BLK,175,2299200.000,-629800.010,-26300.000,1643099.990,0.000,1643099.990
FREEDOM,TR-01 C1,174,2343400.000,-691383.480,-113500.000,1538516.520,0.000,1538516.520
MAGIC,0180-BLK/BLK C1,172,2220700.000,-588780.000,-70400.000,1561520.000,0.000,1561520.000
ALEN,7038-BLK/BLK-C9-08,170,2169000.000,-512076.880,-73600.000,1583323.120,0.000,1583323.120
NEW AVIATOR,7073-BLK/BLK-C9-08,166,2268200.000,-696615.680,-115800.000,1455784.320,0.000,1455784.320
SPITZ,155-BLK/RED-PINK,165,2140500.000,-443361.920,-108900.000,1588238.080,0.000,1588238.080
XLVL,AC152-BLK/FD C4,163,1980200.000,-258991.670,-50500.000,1670708.330,0.000,1670708.330
MONACO,195-BLK/FD,161,1964000.000,-412630.190,-72200.000,1479169.810,0.000,1479169.810
NEVADA,160-TORT/GRN,156,1899700.000,-383046.240,-48000.000,1468653.760,0.000,1468653.760
LAMBO,158-BLK/VLT,153,2129800.000,-553245.820,-98150.000,1478404.180,0.000,1478404.180
MY PRIDE,156-BLK/FD,152,3520800.000,-118616.750,-227841.630,3174341.620,0.000,3174341.620
ADVENTURE,TR-10 C1,151,1895600.000,-416650.000,-54400.000,1424550.000,0.000,1424550.000
LIBERTY,TR-04 C1,151,1837900.000,-235933.340,-28800.000,1573166.660,0.000,1573166.660
ROLLA,176-GRN/GRN,150,1784700.000,-335591.660,-61800.000,1387308.340,0.000,1387308.340
ECSTASY,AC-000151-BLK/BLICK,149,2032500.000,-430883.330,-90900.000,1510716.670,0.000,1510716.670
MIA,MIA-BRN/BRN,147,2043100.000,-422493.400,-140350.000,1480256.600,0.000,1480256.600
SUETA,179-BLK/BLK,145,1977500.000,-553000.000,-135500.000,1289000.000,0.000,1289000.000
ROLLA,176-RED/BLKFD,144,1784200.000,-447372.630,-33100.000,1303727.370,0.000,1303727.370
MAGIC,0180-GOLD/BRN C2,144,1779300.000,-451050.000,0.000,1328250.000,0.000,1328250.000
HIKER,170-TORT/BRNFD,143,1763700.000,-298340.000,-47300.000,1418060.000,0.000,1418060.000
OMG,88273-BLACK-C9-08,142,1862600.000,-614980.190,-17400.000,1230219.810,0.000,1230219.810
SAKURA,182-BLK/BLK,139,1806100.000,-459650.000,-89400.000,1257050.000,0.000,1257050.000
MY PRIDE,156-BLUE/BLUE,139,3110400.000,-175398.280,-108000.000,2827001.720,0.000,2827001.720
YADA YADA,201-TORT/SHADOW,138,1644300.000,-391538.190,-28800.000,1223961.810,0.000,1223961.810
EUPHORIA,2335-BLK/BLK-C9-08,137,1857400.000,-582600.000,-54800.000,1220000.000,0.000,1220000.000
Di,7316-BLK/BLKFD-C9-77,134,1715500.000,-449150.000,-60100.000,1206250.000,0.000,1206250.000
GET READY,194-BLK/BLK,134,1685400.000,-387754.450,-66793.100,1230852.450,0.000,1230852.450
HIKER,170-SHADOW,134,1619600.000,-275866.810,-67200.000,1276533.190,0.000,1276533.190
VENZO,192-BLK/BLKFD,133,1552700.000,-314141.850,-38400.000,1200158.150,0.000,1200158.150
MELISSA,177-TORTGRN/GRN,131,1659400.000,-330166.660,-91200.000,1238033.340,0.000,1238033.340
MONACO,195-BLK/BLK,128,1613400.000,-480500.000,-56200.000,1076700.000,0.000,1076700.000
ECSTASY,AC-000151-BLK/SLVFD,127,1779400.000,-451960.000,-65400.000,1262040.000,0.000,1262040.000
CORNER POLARIZED,P7323-SLV/BLK-C3-33,125,1508400.000,-372473.260,-27000.000,1108926.740,0.000,1108926.740
BOSS Photochromic,8403-BLUE,124,1717500.000,-496133.340,-28800.000,1192566.660,0.000,1192566.660
EXTRA,88264-ROSE-C9-43,123,1462700.000,-240456.590,-36643.410,1185600.000,0.000,1185600.000
ECSTASY MINI,AC-164-BLK/BLT,121,1698900.000,-463088.520,-27400.000,1208411.480,0.000,1208411.480
MALIBU,173-MILKTORT/FD,121,1559200.000,-372900.000,-38400.000,1147900.000,0.000,1147900.000
SAKURA,182-GOLD/BRN,121,1606500.000,-394650.000,-75000.000,1136850.000,0.000,1136850.000
HOT PARTY MIDDAY GLASS,184-BLK/GRN,118,1396400.000,-234400.000,-85000.000,1077000.000,0.000,1077000.000
Di POLARIZED,P7316-BLK/BLK-C9-31,118,1639500.000,-480976.670,-56200.000,1102323.330,0.000,1102323.330
SAHARA,189-GOLD/ROSE,118,1416100.000,-353080.190,-9600.000,1053419.810,0.000,1053419.810
JOLY,88239-BLUE-C2-45,117,1900900.000,-745300.000,-48000.000,1107600.000,0.000,1107600.000
EXTRA,88264-RED-C9-79,116,1427900.000,-224171.840,-19200.000,1184528.160,0.000,1184528.160
ECSTASY,AC-000151-BLK/REDFD,116,1606300.000,-227788.510,-116500.000,1262011.490,0.000,1262011.490
SAKURA,182-SLV/SLV,116,1649300.000,-464872.650,-19200.000,1165227.350,0.000,1165227.350
JOLY,88239-ROSE-C9-43,115,1840500.000,-646906.590,-60000.000,1133593.410,0.000,1133593.410
JORDAN,190-TORT/SHADOW,111,1761600.000,-714080.000,-27000.000,1020520.000,0.000,1020520.000
SELFIE,1680-BLK/BLK C1,111,1398400.000,-265066.660,-84633.340,1048700.000,0.000,1048700.000
ALEN,7038-SLV/SLVFD-C3-62,111,1443700.000,-312792.520,-77903.740,1053003.740,0.000,1053003.740
EUPHORIA,2335-BLK/FD-C4-124,110,1292600.000,-297900.000,-48000.000,946700.000,0.000,946700.000
ANISA,2178-BLK/FD-C1-C2,107,1680700.000,-693466.670,-54800.000,932433.330,0.000,932433.330
BENEFIT,398-BLK/BLK-C1,107,1569700.000,-410433.330,-110200.000,1049066.670,0.000,1049066.670
8413 Photochromic,8413-BLACK,107,1406200.000,-292480.000,-104200.000,1009520.000,0.000,1009520.000
HORIZON,86624-BLK/BLK,106,1566600.000,-753200.000,-28800.000,784600.000,0.000,784600.000
DELTAPLANE 2.0 POLARIZED,AP136-BLK/BLK-C9-31,103,1365700.000,-406796.860,-33100.000,925803.140,0.000,925803.140
MY PRIDE,156-BLK/BLK,101,2289600.000,-24600.000,-108000.000,2157000.000,0.000,2157000.000
CORNER,7323-GOLD/BRN C10-02,101,1610100.000,-549016.670,-71100.000,989983.330,0.000,989983.330
EUPHORIA,2335-BRN/BRN-C10-02,100,1118600.000,-170500.000,-19200.000,928900.000,0.000,928900.000
HOT PARTY SUNRISE,183-BLK/BLK,100,1408400.000,-453100.000,-37000.000,918300.000,0.000,918300.000
EXCELLENCE,AC-000150-BLK/CLRSILVRSHADOW,100,1280100.000,-236133.470,-34800.000,1009166.530,0.000,1009166.530
MIA,MIA-TORTBRN/BRNPL,99,1175400.000,-197950.000,-27400.000,950050.000,0.000,950050.000
MAGIC POLARIZED,AP0180-GOLD/BLK-C3,99,1121300.000,0.000,0.000,1121300.000,0.000,1121300.000
MINISTER Photochromic,3045-YELLOW,97,1189200.000,-339781.770,-33600.000,815818.230,0.000,815818.230
LORD,86628-C3-BLACK,97,1216500.000,-211341.670,-24000.000,981158.330,0.000,981158.330
ELITE,08192-BLK/FD,97,1141800.000,-290080.000,-9600.000,842120.000,0.000,842120.000
TOKYO,181-WHITE/ROSE,96,1144500.000,-224066.670,-9600.000,910833.330,0.000,910833.330
GRAND DRIVING,9315-DRIVE,96,1333300.000,-403950.000,-65800.000,863550.000,0.000,863550.000
BOSS Photochromic,8403-YELLOW,95,1175800.000,-311100.000,-9600.000,855100.000,0.000,855100.000
EXTRA,88264-SILVER-C9-62,95,1220100.000,-266671.840,-66700.000,886728.160,0.000,886728.160
DELTAPLANE POLARIZED,AP135-BLK/BLK-C9-31,94,1174100.000,-266566.660,-27400.000,880133.340,0.000,880133.340
CORNER POLARIZED,P7323-BLK/BLK-C4-31,93,1152000.000,-278296.670,-15600.000,858103.330,0.000,858103.330
JORDAN,190-TORT/BRN,92,1542800.000,-780800.000,-35900.000,726100.000,0.000,726100.000
PARLAMENT,7730-GM/BLK,92,1167200.000,-329500.000,-74700.000,763000.000,0.000,763000.000
EXTRA,88264-BLUE-C2-45,92,1156500.000,-219475.000,-33600.000,903425.000,0.000,903425.000
HOT PARTY SUNRISE,183-BLUE/BLUE,92,1336200.000,-452900.000,-27000.000,856300.000,0.000,856300.000
ICON,193-TORT/BRN,91,1192800.000,-363000.000,-48000.000,781800.000,0.000,781800.000
MAD,08039-BLACK-C3,91,1569600.000,-750000.000,-40800.000,778800.000,0.000,778800.000
MELISSA,177-TORT/BRN,91,1171400.000,-387550.000,-19200.000,764650.000,0.000,764650.000
ECSTASY,AC-000151-MTL/BLUE,90,1145500.000,-150027.170,-77000.000,918472.830,0.000,918472.830
BULL DRIVING,PR2026-DRIVE,90,1174800.000,-360533.340,-79700.000,734566.660,0.000,734566.660
ALEN,7038-GM/ROSEGREY-C2-07,90,1094700.000,-129735.000,-85300.000,879665.000,0.000,879665.000
SHINE,7174-BLK/FD C3,89,1100200.000,-208750.000,-74000.000,817450.000,0.000,817450.000
OLIVER,88274-ROSE-C9-43,89,1106100.000,-172375.000,-65475.000,868250.000,0.000,868250.000
MINISTER Photochromic,3045-BLUE,88,1160900.000,-263634.880,-48000.000,849265.120,0.000,849265.120
OLIVER,88274-SILVER-C9-62,88,1354700.000,-418250.000,-56600.000,879850.000,0.000,879850.000
SAHARA,189-BLK/BLKFD,86,1972800.000,-1292824.390,-9600.000,670375.610,0.000,670375.610
Man 5004,5004-BLK/FD-C4-31,86,1470000.000,-748180.000,-17800.000,704020.000,0.000,704020.000
Di,7316-BLK/BLK-C9-08,86,1105600.000,-233500.000,-50900.000,821200.000,0.000,821200.000
SHINE,7174-BLK/BLK C2,85,1149400.000,-326016.650,-46156.600,777226.750,0.000,777226.750
VENZO,192-MILKYTORT/BLK,85,1135400.000,-240716.670,-75000.000,819683.330,0.000,819683.330
OLIVER,88274-RED-C9-79,83,1007100.000,-176050.000,-24000.000,807050.000,0.000,807050.000
WIZARD,86635-C3-BLACK,82,1249800.000,-426066.660,-91200.000,732533.340,0.000,732533.340
MONACO,195-TORT/BRN,82,1079400.000,-324100.000,-48000.000,707300.000,0.000,707300.000
SUS,SUS-BLACK,81,1059300.000,-257016.670,-28800.000,773483.330,0.000,773483.330
BOSS Photochromic,8403-BLACK,81,1083900.000,-340800.000,0.000,743100.000,0.000,743100.000
OLIVER,88274-BLUE-C2-45,80,1161700.000,-373566.670,-39600.000,748533.330,0.000,748533.330
ALBATROSS,7115-BLK,79,1116800.000,-337150.000,-19200.000,760450.000,0.000,760450.000
MONTE CARLO,196-BLK/BLK,78,1201000.000,-513200.000,-43400.000,644400.000,0.000,644400.000
MAGIC,0180-GOLD/BLK C3,78,1159400.000,-252700.000,-69600.000,837100.000,0.000,837100.000
MAGIC,0180-SLV/BLK C5,78,1032800.000,-356850.000,-17400.000,658550.000,0.000,658550.000
OMG,88273-BLUE-C2-45,77,986300.000,-234600.000,-38400.000,713300.000,0.000,713300.000
JOLY,88239-BROWN-C10-02,77,1164700.000,-518300.000,-38400.000,608000.000,0.000,608000.000
BREEZY,9078-SLV/SLV,77,1180800.000,-453300.000,-44400.000,683100.000,0.000,683100.000
MONTE CARLO,196-BLK/BLKFD,77,1195800.000,-527700.000,-17400.000,650700.000,0.000,650700.000
SELFIE,1680-BRN/BRN C2,76,912600.000,-165666.670,-9600.000,737333.330,0.000,737333.330
MINISTER Photochromic,3045-BLACK,76,1076000.000,-206691.670,-28800.000,840508.330,0.000,840508.330
DELTAPLANE,A135-BLK/BRN C10-02,75,972600.000,-243800.000,-28800.000,700000.000,0.000,700000.000
OMG,88273-BROWN-C10-02,75,1100100.000,-333800.000,-54800.000,711500.000,0.000,711500.000
MELISSA,177-WHITE/BLK,74,907200.000,-252050.000,-17400.000,637750.000,0.000,637750.000
JOLY,88239-SILVER-C9-62,74,1185200.000,-524900.000,0.000,660300.000,0.000,660300.000
ROLLA,176-WHITE/BLK,72,886300.000,-253471.840,-25200.000,607628.160,0.000,607628.160
Di,7316-BLK/SLV-C4-62,72,882500.000,-172766.660,-9600.000,700133.340,0.000,700133.340
DELTAPLANE,A135-BLK/BLK C9-08,72,888800.000,-187566.670,-19200.000,682033.330,0.000,682033.330
ALEN,7038-BLK/BLUE-C9-461,71,977600.000,-375650.000,-9600.000,592350.000,0.000,592350.000
Di,7316-BLK/BLUE-C9-45,70,827700.000,-193266.670,-33600.000,600833.330,0.000,600833.330
AVIATOR DRIVING,9273-DRIVE,69,970500.000,-277516.660,-37700.000,655283.340,0.000,655283.340
8413 Photochromic,8413-BLUE,69,726800.000,-56200.000,-38400.000,632200.000,0.000,632200.000
AMANDA,175-GOLD/BRN,69,898100.000,-200400.000,-40900.000,656800.000,0.000,656800.000
DELTAPLANE 2.0,A136-BLK/BLKFD-C9-124,68,1010100.000,-324200.000,-28800.000,657100.000,0.000,657100.000
HIKER,170-HON/BRNPL,67,797300.000,-156450.000,-17400.000,623450.000,0.000,623450.000
BELLA POLARIZED,AP1057-BLK/BLK-C1-C3,66,751400.000,-102500.000,0.000,648900.000,0.000,648900.000
PIER,08181-BLK/SHADOW,66,949600.000,-241580.000,-37000.000,671020.000,0.000,671020.000
ICON,193-WHT/LIL,66,893100.000,-258943.410,-57600.000,576556.590,0.000,576556.590
MAGIC,0180-1-BLK/BLKFD-C5,65,825000.000,-167700.000,-9600.000,647700.000,0.000,647700.000
ALEN,7038-GOLD/BRN-C10-02,65,907600.000,-387900.000,-19200.000,500500.000,0.000,500500.000
MY PRIDE,156-SLV/SLV,65,1512000.000,-108158.370,-108000.000,1295841.630,0.000,1295841.630
Di,7316-BLK/ROSE-C9-43,65,900700.000,-210550.000,-78200.000,611950.000,0.000,611950.000
DELTAPLANE POLARIZED,AP135-BRN/BRN-C10-32,65,798300.000,-206350.000,-28800.000,563150.000,0.000,563150.000
AUSTIN,188-GOLD/BLK,64,779800.000,-172750.000,-9600.000,597450.000,0.000,597450.000
EMMA,S087-FADE,64,808600.000,-137141.670,-82175.000,589283.330,0.000,589283.330
SURFER,08182-BLK/SHADOW,63,745000.000,-173900.000,-19200.000,551900.000,0.000,551900.000
AMANDA,175-GOLD/PINKYEL,63,795100.000,-184900.000,-19200.000,591000.000,0.000,591000.000
Z POLARIZED,GUP009-BLK-C2,63,871100.000,-254350.000,0.000,616750.000,0.000,616750.000
BRAVE,TR05-C1,63,812000.000,-186416.670,-37700.000,587883.330,0.000,587883.330
ENERGY LIFE,157-MTBLK/BLK,62,825500.000,-288833.330,-17400.000,519266.670,0.000,519266.670
MIRA,7075-BLK/BLK C9-08,62,811600.000,-195300.000,-38400.000,577900.000,0.000,577900.000
STRONG,TR06-C1,61,840600.000,-279600.000,-19200.000,541800.000,0.000,541800.000
OMG,88273-ROSE-C9-43,61,959000.000,-381150.000,-33600.000,544250.000,0.000,544250.000
HOT PARTY SUNRISE,183-BEIGE/BRNFD,61,795600.000,-149700.000,-64400.000,581500.000,0.000,581500.000
HIKER BIG,171-SHADOW,61,868500.000,-281600.000,-44800.000,542100.000,0.000,542100.000
AMANDA,175-GOLD/BLK,60,658200.000,-52900.000,-13900.000,591400.000,0.000,591400.000
WIZARD,86635-–°2-BROWN,60,873400.000,-259850.000,-49150.000,564400.000,0.000,564400.000
SURFER,08182-BLK/BLK,59,792000.000,-198600.000,-28800.000,564600.000,0.000,564600.000
Z,GUW009-BLK-C2,58,742800.000,-200693.830,-17400.000,524706.170,0.000,524706.170
ICON,193-BRN/BRN,58,768000.000,-193900.000,-19200.000,554900.000,0.000,554900.000
LORD,86628-C2-BROWN,58,705200.000,-114066.670,-48000.000,543133.330,0.000,543133.330
JAGA JAGA,167-GRN/BRN,57,728400.000,-112291.670,-54800.000,561308.330,0.000,561308.330
8404 Photochromic,8404-BLACK,57,986200.000,-477600.000,-75400.000,433200.000,0.000,433200.000
OMG,88273-SILVER-C9-62,56,804300.000,-281950.000,-8900.000,513450.000,0.000,513450.000
DELTAPLANE 2.0,A136-BLK/BLK-C9-08,56,680600.000,-125050.000,-43000.000,512550.000,0.000,512550.000
OCTA,09047-BLK/FD-C1,55,974400.000,-438000.000,-55800.000,480600.000,0.000,480600.000
AUSTIN,188-GOLD/BRN,55,641100.000,-160303.950,-37000.000,443796.050,0.000,443796.050
AMANDA,175-GOLD/GRNYEL,55,685200.000,-102500.000,-27400.000,555300.000,0.000,555300.000
Di POLARIZED,P7316-BRN/BRN-C10-32,54,803800.000,-274466.660,-31800.000,497533.340,0.000,497533.340
EUPHORIA,2335-SLV/FD-C3-62,54,571800.000,-61700.000,-28800.000,481300.000,0.000,481300.000
YADA YADA,201-WHITE/BLK,53,633500.000,-208200.000,-9600.000,415700.000,0.000,415700.000
MELISSA,177-BLUE/BLKFD,53,706100.000,-147988.520,-44400.000,513711.480,0.000,513711.480
OMG,88273-RED-C9-79,52,634700.000,-158250.000,-9600.000,466850.000,0.000,466850.000
OCTA,09047-BROWN-C2,52,816000.000,-332800.000,-27000.000,456200.000,0.000,456200.000
MONTE CARLO,196-TORT/SHADOW,52,857200.000,-384700.000,-17400.000,455100.000,0.000,455100.000
8404 Photochromic,8404-BLUE,51,851000.000,-375600.000,-19200.000,456200.000,0.000,456200.000
QT,7163-GOLD/BRN-C8,51,648100.000,-124584.590,-19200.000,504315.410,0.000,504315.410
NEW AVIATOR,7073-BLK/RED-C9-124,51,632400.000,-147687.360,-19200.000,465512.640,0.000,465512.640
JOLY,88239-TROPIC-C9-79,50,826200.000,-386100.000,-19200.000,420900.000,0.000,420900.000
CORNER,7323-GM/ROSEGREY-C2-07,50,670000.000,-174783.340,-17800.000,477416.660,0.000,477416.660
YADA YADA,201-BLK/PURPLE,49,649700.000,-212050.000,0.000,437650.000,0.000,437650.000
BASILIO,7177-BLK/BLK C1,48,623100.000,-170700.000,-9600.000,442800.000,0.000,442800.000
SUETA,179-TORT/BRNFD,48,635200.000,-188033.320,-9600.000,437566.680,0.000,437566.680
VENZO,192-TORT/BRN,48,570300.000,-64280.000,-28800.000,477220.000,0.000,477220.000
EXCELLENCE,AC-000150-BLKGLD/CLRBLUE,47,645000.000,-150866.670,-17400.000,476733.330,0.000,476733.330
HOT PARTY SUNRISE,183-GRN/BLKFD,47,697000.000,-272800.000,-16800.000,407400.000,0.000,407400.000
Man 7310,7310-BLACK,47,743000.000,-315400.000,0.000,427600.000,0.000,427600.000
GRACE,AP1301-BLK/BLK-C1-C3,46,663400.000,-128366.670,-48000.000,487033.330,0.000,487033.330
EUPHORIA,2335-SLV/PURPPINK-C3-50,46,477200.000,-38400.000,-27400.000,411400.000,0.000,411400.000
HOT PARTY SUNRISE,183-TORT/BRNFD,45,656600.000,-243800.000,-19200.000,393600.000,0.000,393600.000
CORNER POLARIZED,P7323-BRN/BRN-C10-32,45,594400.000,-143266.670,-9600.000,441533.330,0.000,441533.330
FALCON,2237-SLV-C4-62,45,921600.000,-574700.000,0.000,346900.000,0.000,346900.000
ENERGY LIFE,157-BLK/BLUE,45,648600.000,-237700.000,0.000,410900.000,0.000,410900.000
MAD,08039-BROWN-C2,44,720000.000,-357600.000,-7800.000,354600.000,0.000,354600.000
MAN 026,026-GRAY,44,549800.000,-187600.000,0.000,362200.000,0.000,362200.000
MAD,08039-BLK/FADE-C1,44,556800.000,-150600.000,-19200.000,387000.000,0.000,387000.000
"MAN 6635, 8742, 6615",8742-C1,44,457800.000,-66916.670,-9600.000,381283.330,0.000,381283.330
BONYA,180-BLK/BLK,44,601400.000,-224100.000,-15600.000,361700.000,0.000,361700.000
VIBE,186-GOLD/GRN,44,510400.000,-56950.000,-30950.000,422500.000,0.000,422500.000
ALEN,7038-BLK/RED-C4-461,43,623800.000,-229546.250,-24000.000,370253.750,0.000,370253.750
SUETA,179-BLK/GRN,43,613900.000,-126300.000,-23400.000,464200.000,0.000,464200.000
SELFIE,1680-GOLD/BLK C4,43,596700.000,-149950.000,-27000.000,419750.000,0.000,419750.000
Man 7310,7310-GNMTL,43,720200.000,-364700.000,-7800.000,347700.000,0.000,347700.000
BENEFIT,398-SLV/FD-C3,43,633800.000,-190550.000,-19200.000,424050.000,0.000,424050.000
Di BLUE LIGHT,7316-SLV/BLT-C3,43,620900.000,-214700.000,-35200.000,371000.000,0.000,371000.000
QT,7163-BLK/BLKFD-C7,42,570600.000,-162866.670,-27400.000,380333.330,0.000,380333.330
NEVADA PRO MAX,191-BLK/BLK,42,516800.000,-113500.000,-19200.000,384100.000,0.000,384100.000
Di,7316-SLV/PINKBLUE-C3-02,42,551200.000,-144450.000,-9600.000,397150.000,0.000,397150.000
EXTRA,88264-BROWN-C10-02,42,617500.000,-198150.000,-27000.000,392350.000,0.000,392350.000
OLIVER,88274-BROWN-C10-02,41,622300.000,-161466.670,-19200.000,441633.330,0.000,441633.330
8401 Photochromic,8401-BLUE,41,871800.000,-463290.000,-71800.000,336710.000,0.000,336710.000
GET READY,194-TORT/SHADOW,41,500400.000,-115300.000,-28800.000,356300.000,0.000,356300.000
MY PRIDE,156-MTBLK/GOLD,41,907200.000,-86498.280,-21600.000,799101.720,0.000,799101.720
DOMINO,03672-BLACK-C9-31,41,777600.000,-391800.000,-51000.000,334800.000,0.000,334800.000
BENEFIT,398-GOLD/BLK-C7,41,544900.000,-147300.000,-19200.000,378400.000,0.000,378400.000
BENEFIT,398-SLV/BLK-C5,41,560100.000,-156066.670,-41400.000,362633.330,0.000,362633.330
ADORA,161-BLK/BLKFDPL,40,969600.000,-637800.000,-7800.000,324000.000,0.000,324000.000
DELTAPLANE 2.0,A136-BLK/BLUE-C9-45,40,557900.000,-180700.000,-9600.000,367600.000,0.000,367600.000
ICON,193-WHT/BLK,40,531600.000,-195223.250,-11033.340,325343.410,0.000,325343.410
DOPE,M321-BLACK,40,587900.000,-146550.000,-9600.000,431750.000,0.000,431750.000
Man 5004,5004-GNMTL-C2-31,39,652800.000,-282390.000,-54100.000,316310.000,0.000,316310.000
MAN 026,026-BLACKFD,39,434600.000,-51200.000,-9600.000,373800.000,0.000,373800.000
JOWANNA,7170-BLK/BLK C6,39,518900.000,-122900.000,-27000.000,369000.000,0.000,369000.000
Di BLUE LIGHT,7316-BLK/BLT-C1,39,524700.000,-178600.000,-9600.000,336500.000,0.000,336500.000
8401 Photochromic,8401-BLACK,39,632600.000,-295300.000,-9600.000,327700.000,0.000,327700.000
VIBE,186-GOLD/BLK,38,485400.000,-122403.910,-15600.000,347396.090,0.000,347396.090
SELFIE,1680-SLV/SLV C6,38,491500.000,-129650.000,-28800.000,333050.000,0.000,333050.000
POLAR AVIATOR,187-BLK/BLK,38,522000.000,-126000.000,-31700.000,364300.000,0.000,364300.000
OCTA,09047-BLACK-C3,38,595200.000,-282600.000,0.000,312600.000,0.000,312600.000
DELTAPLANE,A135-BLK/SLVFD C4-62,37,436900.000,-104500.000,-9600.000,322800.000,0.000,322800.000
CORNER,7323-SLV/SLVFD-C3-62,37,562200.000,-122133.340,-33100.000,406966.660,0.000,406966.660
Di,7316-GM/GRNORANGE-C10-29,36,485100.000,-151666.660,0.000,333433.340,0.000,333433.340
DELTAPLANE 2.0 POLARIZED,AP136-BRN/BRN-C10-32,36,442100.000,-123566.660,-9600.000,308933.340,0.000,308933.340
NN BLUE LIGHT,NN-BLT/CLR,36,888000.000,-621000.000,-7800.000,259200.000,0.000,259200.000
8462 Photochromic,8462-BLACK,36,596200.000,-220000.000,-37000.000,339200.000,0.000,339200.000
JULIET,08040-MATTE/BLK-C3,36,676800.000,-365400.000,-25200.000,286200.000,0.000,286200.000
POLAR AVIATOR,187-GOLD/BLKFD,36,485100.000,-153833.320,0.000,331266.680,0.000,331266.680
Di BLUE LIGHT,7316-GOLD/BLT-C4,36,541000.000,-184200.000,-25200.000,331600.000,0.000,331600.000
MIA POLARIZED,AP1622-BLK/BLK-C1,35,348900.000,0.000,0.000,348900.000,0.000,348900.000
QT,7163-BLK/BLK-C6,35,494700.000,-108500.000,-35200.000,351000.000,0.000,351000.000
TOKYO,181-LIL/LIL,35,443100.000,-95316.660,-38400.000,309383.340,0.000,309383.340
HOLA,178-BLK/BLK,35,497900.000,-170050.000,-7800.000,320050.000,0.000,320050.000
8462 Photochromic,8462-BLUE,35,656600.000,-335700.000,-35900.000,285000.000,0.000,285000.000
DELTAPLANE,A135-BLK/BLUE-C9-01,34,447400.000,-82150.000,-24000.000,341250.000,0.000,341250.000
THOMAS,7169-GOLD/BRN C8,34,502000.000,-129450.000,-25200.000,347350.000,0.000,347350.000
DELTAPLANE 2.0 POLARIZED,AP136-BLUE/BLK-C4-31,34,510700.000,-177466.670,-33600.000,299633.330,0.000,299633.330
MIA,MIA-BLK/GRAD,34,700800.000,-427200.000,0.000,273600.000,0.000,273600.000
ZAMLER,808-BLK,33,539400.000,-94600.000,-7800.000,437000.000,0.000,437000.000
8402 Photochromic,8402-BLUE,33,336000.000,-11100.000,-19200.000,305700.000,0.000,305700.000
GENERATION,159-TORT/ROSE,33,422100.000,-91341.660,0.000,330758.340,0.000,330758.340
PHANTOM —Å—Ç–∞—Ä—ã–µ adora,2218-BRN/BRNFD-C10-02,33,325400.000,0.000,0.000,325400.000,0.000,325400.000
AUSTIN,188-GOLD/ROSE,33,380700.000,-95950.000,0.000,284750.000,0.000,284750.000
DELTAPLANE 2.0,A136-BRN/BRNFD-C10-02,33,388800.000,-69700.000,-9600.000,309500.000,0.000,309500.000
NEVADA PRO MAX,191-BLK/BLKFD,33,430400.000,-131000.000,-19200.000,280200.000,0.000,280200.000
NEVADA,160-WHT/ROSE,33,403800.000,-118321.840,-19200.000,266278.160,0.000,266278.160
OLIVIA,M322-BLACK,33,467600.000,-117400.000,-45900.000,304300.000,0.000,304300.000
DELTAPLANE,A135-BLK/FD-C9-79/C8-124,32,472300.000,-117066.660,-34800.000,320433.340,0.000,320433.340
Man 5004,5004-BROWN-C10-19,31,576400.000,-335200.000,-7800.000,233400.000,0.000,233400.000
MAN 026,026-BLACK,31,376000.000,-70450.000,-9600.000,295950.000,0.000,295950.000
VITO,2348-VIOLET-C3-51,31,614400.000,-320583.470,-50400.000,243416.530,0.000,243416.530
SUSSY,3594-BLK/FADE-C9-124,31,494400.000,-258600.000,0.000,235800.000,0.000,235800.000
–î–µ—Ç—Å–∫–∏–µ –æ—á–∫–∏ –≤ –ø–æ–¥–∞—Ä–æ–∫ üéÅ,gift-kids,31,0.000,0.000,0.000,0.000,0.000,0.000
THOMAS,7169-BLK/FD C7,31,467600.000,-96100.000,-19200.000,352300.000,0.000,352300.000
Man 86604,86604-BLACK,30,512000.000,-254700.000,0.000,257300.000,0.000,257300.000
MAGIC POLARIZED,AP0180-BLK/BLK-C1,30,300900.000,0.000,0.000,300900.000,0.000,300900.000
THOMAS,7169-BLK/BLK C6,30,438700.000,-233400.000,0.000,205300.000,0.000,205300.000
DOMINO,03672-BLKFD-C9-14,30,374400.000,-105000.000,0.000,269400.000,0.000,269400.000
Man 08184,08184-BLK-C9-31,30,564000.000,-277800.000,-36600.000,249600.000,0.000,249600.000
ARIANA POLARIZED,1303-BLK/BLUE C4,30,323500.000,-27950.000,0.000,295550.000,0.000,295550.000
Man 86632,86632-BLACK,29,497600.000,-241000.000,-7800.000,248800.000,0.000,248800.000
8402 Photochromic,8402-BLACK,29,288000.000,-19200.000,-9600.000,259200.000,0.000,259200.000
BELLA POLARIZED,AP1057-BRN/BRN-C2,29,365600.000,-71000.000,-33000.000,261600.000,0.000,261600.000
MAGIC,0180-1-BLK/BLUE-C4,29,383600.000,-83300.000,-35200.000,265100.000,0.000,265100.000
JOWANNA,7170-BLK/FD C7,28,369600.000,-50750.000,-36600.000,282250.000,0.000,282250.000
IVY,3677-BROWN-C8-02,28,499200.000,-242400.000,-25200.000,231600.000,0.000,231600.000
VITO,2348-BROWN-C10-02,28,528000.000,-305400.000,0.000,222600.000,0.000,222600.000
MALIBU,173-GRN/BRN,28,446600.000,-151250.000,-68850.000,226500.000,0.000,226500.000
MIA,MIA-GRN/BLK,27,590400.000,-382200.000,0.000,208200.000,0.000,208200.000
IVY,3677-BLACK-C9-08,27,393600.000,-169000.000,-7800.000,216800.000,0.000,216800.000
DELTAPLANE 2.0 POLARIZED,AP136-SLV/SLV-C3-31,27,366300.000,-83500.000,-44800.000,238000.000,0.000,238000.000
FALCON,2237-BRN-C10-32,27,566400.000,-324000.000,-17400.000,225000.000,0.000,225000.000
NEVADA PRO MAX,191-TORT/GRN,27,312600.000,-78300.000,0.000,234300.000,0.000,234300.000
DOMINO,03672-BROWN-C8-19,27,388800.000,-155400.000,0.000,233400.000,0.000,233400.000
Di,7316-GM/DKBLUE-C2-25,27,335000.000,-58400.000,-9600.000,267000.000,0.000,267000.000
HOLA,178-WHITE/BLK,26,295200.000,-89400.000,0.000,205800.000,0.000,205800.000
VIBE,186-GOLD/BRN,26,311200.000,-45200.000,-28800.000,237200.000,0.000,237200.000
Man 08184,08184-BLK/FD-C4-16,26,443400.000,-220200.000,-17400.000,205800.000,0.000,205800.000
CORNER,7323-BLK/BLUE-C9-461,26,371600.000,-138150.000,0.000,233450.000,0.000,233450.000
DELTAPLANE 2.0,A136-BLK/SLVFD-C4-62,26,289400.000,-61500.000,0.000,227900.000,0.000,227900.000
PAPARAZZI,2258-GM/BLKFD-C2-124,26,321300.000,-107300.000,-7800.000,206200.000,0.000,206200.000
ZAMLER,808-MATTE-BLK,25,451500.000,-190200.000,0.000,261300.000,0.000,261300.000
SELFIE,1680-BLK/RED C5,25,299500.000,-53633.320,-11033.340,234833.340,0.000,234833.340
EUPHORIA,2335-BLUE/FD-C3-83,25,249600.000,0.000,-9600.000,240000.000,0.000,240000.000
BASTION,2168-BLUE,25,416600.000,-200250.000,-9600.000,206750.000,0.000,206750.000
VIBE,186-GOLD/ROSE,25,303000.000,-69200.000,-9600.000,224200.000,0.000,224200.000
LEGEND,162-TORTBRN/BRNFADE,25,300400.000,-74800.000,0.000,225600.000,0.000,225600.000
POLAR AVIATOR,187-GOLD/BRN,25,284700.000,-45050.000,-9600.000,230050.000,0.000,230050.000
MONTE CARLO,196-TORT/GREEN,25,389200.000,-158141.630,-9758.370,221300.000,0.000,221300.000
BEST,7175-BLK/FD C3,24,360300.000,-107500.000,-19200.000,233600.000,0.000,233600.000
JULIET,08040-BROWN-C2,24,456000.000,-243000.000,-7800.000,205200.000,0.000,205200.000
SELFIE,1680-SLV/PINK C8,23,275600.000,-76500.000,-9600.000,189500.000,0.000,189500.000
TITANIUM,TG-9027-C2,23,672000.000,-158400.000,-28000.000,485600.000,0.000,485600.000
MIA,MIA-SLV/BLK,23,441600.000,-245700.000,-19200.000,176700.000,0.000,176700.000
HOT PARTY SUNRISE,183-BLK/LTGRN,23,309200.000,-76000.000,-28800.000,204400.000,0.000,204400.000
LILY,08036-BLACK-C1,23,360000.000,-172800.000,-9600.000,177600.000,0.000,177600.000
DOPE,M321-SLV/ROSE,23,287000.000,-39600.000,-28800.000,218600.000,0.000,218600.000
MAGIC POLARIZED,AP0180-SLV/BLK-C5,23,229400.000,0.000,0.000,229400.000,0.000,229400.000
"MAN 6635, 8742, 6615",86635-C5,23,288300.000,-36400.000,-35250.000,216650.000,0.000,216650.000
SUS,SUS-TORT/BRN,23,353700.000,-168300.000,-19200.000,166200.000,0.000,166200.000
Di BLUE LIGHT,7316-GM/BLT-C2,23,341300.000,-174950.000,-17400.000,148950.000,0.000,148950.000
SELFIE POLARIZED,P1680-GM/BLK C10,23,366900.000,-108200.000,0.000,258700.000,0.000,258700.000
ZAMLER,808-BROWN,22,306800.000,-89700.000,-9600.000,207500.000,0.000,207500.000
YOKO,08037-BLACK-C3,22,360000.000,-174600.000,-17400.000,168000.000,0.000,168000.000
SUSSY,3594-BROWN-C8-02,22,379200.000,-195783.480,-7800.000,175616.520,0.000,175616.520
JULIET,08040-BEIGE-C4,22,345600.000,-129600.000,-19200.000,196800.000,0.000,196800.000
Di,7316-BLK/RED-C9-124,22,348500.000,-134350.000,-17400.000,196750.000,0.000,196750.000
Z POLARIZED,GUP009-RED-C5,22,375200.000,-156600.000,0.000,218600.000,0.000,218600.000
BENEFIT,398-BLUE/FD-C4,22,289900.000,-88450.000,0.000,201450.000,0.000,201450.000
GENERATION,159-TORT/BLUE,22,302500.000,-86100.000,-18500.000,197900.000,0.000,197900.000
BASILIO,7177-SLV/SKBLUE C4,21,312600.000,-91500.000,0.000,221100.000,0.000,221100.000
BONYA,180-MILKTORT/BLKFD,21,366700.000,-144500.000,-27000.000,195200.000,0.000,195200.000
Man 08184,08184-BRN-C10-19,21,373400.000,-222560.000,0.000,150840.000,0.000,150840.000
ICON,193-TEAL/BLUE,21,269800.000,-80991.670,0.000,188808.330,0.000,188808.330
LILY,08036-BEIGE-C4,21,384000.000,-208900.000,-8900.000,166200.000,0.000,166200.000
ECSTASY,AC-000151-BLK/BLK,21,285600.000,-88300.000,-7800.000,189500.000,0.000,189500.000
PAPARAZZI,2258-BLK/BLK-C9-08,21,331900.000,-104800.000,-26700.000,200400.000,0.000,200400.000
ENERGY LIFE,157-YELLOW/BLK,20,266600.000,-97000.000,-27400.000,142200.000,0.000,142200.000
ARIANA POLARIZED,1303-BLK/PINK –°3,20,272700.000,-55018.110,-19200.000,198481.890,0.000,198481.890
EMMA,S087-GREY-ROSE,19,237600.000,-76166.670,-17800.000,143633.330,0.000,143633.330
EMMA,S087-BLACK,19,292500.000,-97400.000,-18500.000,176600.000,0.000,176600.000
MAD,08039-PEPPA-C6,19,254400.000,-81000.000,0.000,173400.000,0.000,173400.000
MAN 8028,8028-GNMTL-C5,19,326800.000,-129400.000,-26700.000,170700.000,0.000,170700.000
Z POLARIZED,GUP009-GRN-C6,19,265800.000,-84600.000,0.000,181200.000,0.000,181200.000
EMMA,S087-GREEN-PINK,18,242800.000,-44450.000,-9600.000,188750.000,0.000,188750.000
LILY,08036-GRAY-C5,18,379200.000,-210600.000,-15600.000,153000.000,0.000,153000.000
PHANTOM,2218-BRN/BRNFD-C10-02,18,405500.000,-180200.000,-7800.000,217500.000,0.000,217500.000
LILY,08036-MTBLK-C3,18,364800.000,-192600.000,-17400.000,154800.000,0.000,154800.000
SELFIE,1680-BLK/YELLOW C9,18,196800.000,-9600.000,-9600.000,177600.000,0.000,177600.000
Man 16129,16129-BLK/FD-C2-124,18,388800.000,-243000.000,0.000,145800.000,0.000,145800.000
MAN 8028,8028-BLACK-C1,18,307600.000,-146100.000,-9600.000,151900.000,0.000,151900.000
IDOL,1670-SLV/FD C6,18,254400.000,-90000.000,-7800.000,156600.000,0.000,156600.000
FALCON,2237-BLK/FD-C8-124,18,441600.000,-322800.000,-7800.000,111000.000,0.000,111000.000
VITO,2348-GREEN-C3-84,18,312000.000,-190200.000,-7800.000,114000.000,0.000,114000.000
MONTE CARLO,196-BEIGE/BRNFD,18,288400.000,-131900.000,-8900.000,147600.000,0.000,147600.000
ANISA,2178-VIOLET-C5,17,220300.000,-30100.000,-9600.000,180600.000,0.000,180600.000
HOT PARTY SUNRISE,183-BLK/BEIGE,17,226800.000,-51100.000,0.000,175700.000,0.000,175700.000
SELFIE,1680-SLV/BLUE C7,17,235200.000,-82400.000,-7800.000,145000.000,0.000,145000.000
PARLAMENT 7722,7722-BLACK-C8,17,234400.000,-95400.000,-9600.000,129400.000,0.000,129400.000
Man 16129,16129-BLK-C9-08,17,350400.000,-234000.000,0.000,116400.000,0.000,116400.000
MIA,MIA-TORTBRW/SHADOW,17,255900.000,-65800.000,0.000,190100.000,0.000,190100.000
IDOL,1670-BLK/BLK-C1,17,234700.000,-73800.000,-9600.000,151300.000,0.000,151300.000
ENERGY LIFE,157-BLK/RED-PINK,17,238700.000,-101400.000,0.000,137300.000,0.000,137300.000
8461 Photochromic,8461-BLUE-C4,17,163200.000,-9600.000,0.000,153600.000,0.000,153600.000
VENZO,192-TORT/GRN,17,201700.000,-17800.000,-9600.000,174300.000,0.000,174300.000
JAGA JAGA,167-YELLOW/BRN,17,298200.000,-143000.000,-9600.000,145600.000,0.000,145600.000
SELFIE POLARIZED,P1680-GOLD/BLK C4,16,250100.000,-84100.000,-9600.000,156400.000,0.000,156400.000
8461 Photochromic,8461-BLACK-C1,16,181000.000,-27400.000,-19200.000,134400.000,0.000,134400.000
THOMAS,7169-SLV/ROSE C4,16,321600.000,-197900.000,-31800.000,91900.000,0.000,91900.000
POSH,A1059-BLK/BLK-C1-C3,16,297400.000,-153050.000,-23400.000,120950.000,0.000,120950.000
MONTE CARLO,196-BLUE/BRNFD,16,260400.000,-94680.000,0.000,165720.000,0.000,165720.000
QT,7163-SLV/GREY-C2,16,186200.000,-44000.000,-9600.000,132600.000,0.000,132600.000
IVY,3677-BEIGE-C17-28,16,345600.000,-192600.000,-15600.000,137400.000,0.000,137400.000
ANISA,2178-TORT/GRN-C4,16,204900.000,-40500.000,-9600.000,154800.000,0.000,154800.000
NEW AVIATOR,7073-BLK/BLUE-C9-45,16,239400.000,-76800.000,0.000,162600.000,0.000,162600.000
GET READY POLARIZED hideit,AP1205-BLK/BLK-C1-C3,16,153600.000,0.000,0.000,153600.000,0.000,153600.000
VITO,2348-BLACK/FADE-C4-124,16,336000.000,-210000.000,-9600.000,116400.000,0.000,116400.000
PARLAMENT 7722,7722-BROWN-C2,15,250200.000,-105900.000,-9600.000,134700.000,0.000,134700.000
YOKO,08037-BROWN-C2,15,268800.000,-126000.000,-9600.000,133200.000,0.000,133200.000
BENEFIT,398-BLUE/BLUE-C6,15,205100.000,-79500.000,-8900.000,116700.000,0.000,116700.000
OLIVIA,M322-TORT/BRN,15,197300.000,-51900.000,-17800.000,127600.000,0.000,127600.000
PHANTOM,2218-BLK/BLK-C9-08,15,331000.000,-126900.000,-23400.000,180700.000,0.000,180700.000
BASILIO,7177-GOLD/BRN C7,15,197800.000,-46200.000,0.000,151600.000,0.000,151600.000
DELTAPLANE 2.0,A136-BLK/GRNVLT-C9-43,15,193000.000,-56800.000,-9600.000,126600.000,0.000,126600.000
OLIVIA,M322-WHITE,15,227700.000,-96100.000,-9600.000,122000.000,0.000,122000.000
OCTA,09047-GRAY-C4,15,259200.000,-129600.000,0.000,129600.000,0.000,129600.000
SUSSY,3594-WHITE-C40-124,15,216000.000,-81000.000,0.000,135000.000,0.000,135000.000
CORNER,7323-BLK/RED C4-461,14,180000.000,-64300.000,0.000,115700.000,0.000,115700.000
QT,7163-SLV/ROSE-C4,14,161800.000,-27400.000,-9600.000,124800.000,0.000,124800.000
PAPARAZZI,2258-SLV/BLUE-C3-36,14,146900.000,0.000,0.000,146900.000,0.000,146900.000
EMMA,S087-BLUE-PINK,14,161700.000,-36200.000,0.000,125500.000,0.000,125500.000
MAN 026,026-BROWN,14,175400.000,-55200.000,0.000,120200.000,0.000,120200.000
TOKYO,181-BLUE/BLK,14,190700.000,-54800.000,-17800.000,118100.000,0.000,118100.000
EMMA,S087-BROWN,14,182000.000,-62900.000,0.000,119100.000,0.000,119100.000
MAGIC POLARIZED,AP0180-GOLD/BRN-C2,14,143000.000,0.000,0.000,143000.000,0.000,143000.000
LILY,08036-PEPPA-C6,14,216000.000,-90600.000,-9600.000,115800.000,0.000,115800.000
PHANTOM,2218-BLK/BLUE-C9-01,14,293100.000,-174900.000,0.000,118200.000,0.000,118200.000
JULIET,08040-BLUE-C5,14,206400.000,-90600.000,0.000,115800.000,0.000,115800.000
OLIVIA,M322-BLACK&YELLOW,14,230400.000,-81600.000,-9600.000,139200.000,0.000,139200.000
ANISA,2178-GREEN-C6,14,219300.000,-50100.000,-28800.000,140400.000,0.000,140400.000
DELTAPLANE 2.0 POLARIZED,AP136-GM/BLKFD-C2-31,13,170800.000,-73230.190,0.000,97569.810,0.000,97569.810
MAD,08039-BLUE-C5,13,211200.000,-105000.000,0.000,106200.000,0.000,106200.000
EXCELLENCE,AC-000150-GLD/CLRBROWNPLR,13,159800.000,-36100.000,-9600.000,114100.000,0.000,114100.000
OLIVIA,M322-BLACK-ROSE,13,227900.000,-93050.000,-13900.000,120950.000,0.000,120950.000
ANISA,2178-BROWN-C3,13,175100.000,-42300.000,0.000,132800.000,0.000,132800.000
LILY,08036-BROWN-C2,13,216000.000,-73800.000,-19200.000,123000.000,0.000,123000.000
TOKYO,181-GRN/BRNFD,13,157900.000,-39700.000,0.000,118200.000,0.000,118200.000
NEVADA PRO MAX,191-WHT/BLK,13,149400.000,-49300.000,0.000,100100.000,0.000,100100.000
BONYA,180-TORT/BRN,13,192400.000,-45550.000,-17400.000,129450.000,0.000,129450.000
DOMINO,03672-BLKFD-C9-14,12,115200.000,0.000,0.000,115200.000,0.000,115200.000
MAD,08039-BEIGE-C4,12,115200.000,-11100.000,0.000,104100.000,0.000,104100.000
FREEDOM,TR-01 C3,12,154600.000,-59600.000,0.000,95000.000,0.000,95000.000
PAPARAZZI,2258-GOLD/LIL-C8-51,12,176300.000,-52500.000,-9600.000,114200.000,0.000,114200.000
SURFER,08182-GM/BLK,12,131600.000,-37000.000,0.000,94600.000,0.000,94600.000
MAD,08039-BLACK-C3,11,124800.000,-9600.000,-19200.000,96000.000,0.000,96000.000
IDOL,1670-BRN/BRN-C3,11,157400.000,-79210.070,0.000,78189.930,0.000,78189.930
ChameleonX,XM6834-C2/GNMTL,11,195200.000,-51800.000,-9600.000,133800.000,0.000,133800.000
BORA BORA adora,AP1613-BEIGE/GREY C5,11,109900.000,0.000,0.000,109900.000,0.000,109900.000
ARIANA POLARIZED,1303-BRN/BRNFD C6,11,151200.000,-36200.000,0.000,115000.000,0.000,115000.000
SELFIE,1680-SLV/BLK C3,11,170000.000,-63300.000,0.000,106700.000,0.000,106700.000
5004,5004-BLK/BLT-C3,10,110400.000,-9600.000,0.000,100800.000,0.000,100800.000
MAN 026,026-GREEN,10,122000.000,-27400.000,-9600.000,85000.000,0.000,85000.000
Z,GUW009-GRN-C6,10,129100.000,-30100.000,0.000,99000.000,0.000,99000.000
MIRA,7075-GOLD/BRN C10-02,10,143000.000,-30100.000,-9600.000,103300.000,0.000,103300.000
FREEDOM,TR-01 C5,10,140700.000,-47350.000,0.000,93350.000,0.000,93350.000
MAN 8029,8029-GNMTL-C5,10,149400.000,-77600.000,0.000,71800.000,0.000,71800.000
SUS,SUS-WHITE,10,109900.000,-6100.000,-9600.000,94200.000,0.000,94200.000
MALIBU,173-YELLOW/BRN,10,129100.000,-35266.660,0.000,93833.340,0.000,93833.340
BORA BORA adora,AP1613-SLV/BLK C4,10,108900.000,0.000,0.000,108900.000,0.000,108900.000
Di,7316-SLV/PURPPINK-C3-01,10,189100.000,-83400.000,0.000,105700.000,0.000,105700.000
STRONG,TR06-C5,10,179100.000,-36866.670,-33600.000,108633.330,0.000,108633.330
PAPARAZZI,2258-BRN/BRNFD-C10-02,10,149800.000,-51966.670,0.000,97833.330,0.000,97833.330
MALIBU,173-BLK/BLT,10,126800.000,-43600.000,0.000,83200.000,0.000,83200.000
MIRA Blue,7075-BLK/BLUE-C9-45,10,119000.000,-31900.000,0.000,87100.000,0.000,87100.000
SQ,7088-BLK/BLK C9-08,10,128600.000,-20500.000,-9600.000,98500.000,0.000,98500.000
BELLA POLARIZED,AP1057-BLK/BLUE-C4,10,108900.000,-8966.670,0.000,99933.330,0.000,99933.330
IDOL,1670-MTBLK/FD C5,9,117200.000,-27400.000,0.000,89800.000,0.000,89800.000
OCTA,09047-BLACK-C3,9,86400.000,0.000,0.000,86400.000,0.000,86400.000
ZAMLER,808-GREY,9,155400.000,-78500.000,0.000,76900.000,0.000,76900.000
MAD,08039-BROWN-C2,9,86400.000,0.000,0.000,86400.000,0.000,86400.000
FALCON,2237-BLK-C9-08,9,187200.000,-113400.000,0.000,73800.000,0.000,73800.000
Man 16129,16129-BRN-C10-32,9,187200.000,-119400.000,0.000,67800.000,0.000,67800.000
WEST,D2112-GOLD/YELLOW C8-79,9,105100.000,0.000,0.000,105100.000,0.000,105100.000
Tropica,63058-BLUE,8,99800.000,-40050.000,0.000,59750.000,0.000,59750.000
BASTION,2168-BLK,8,153100.000,-54100.000,0.000,99000.000,0.000,99000.000
SUSSY,3594-BLACK-C9-08,8,120000.000,-67800.000,0.000,52200.000,0.000,52200.000
ANISA,2178-ORANGE-C7,8,95500.000,-25500.000,0.000,70000.000,0.000,70000.000
XLVL,AC152-BLUE/BLUE C3,8,162200.000,-98600.000,-7800.000,55800.000,0.000,55800.000
80811,80811-BLK/BLT-C2,8,107600.000,-24000.000,0.000,83600.000,0.000,83600.000
YOKO,08037-BLUE/FADE-C4,8,158400.000,-100200.000,-9600.000,48600.000,0.000,48600.000
JOWANNA,7170-GOLD/BRN C8,7,124400.000,-54400.000,-9600.000,60400.000,0.000,60400.000
MAN 8029,8029-BLACK-C1,7,108200.000,-26700.000,0.000,81500.000,0.000,81500.000
BASILIO,7177-SLV/BLUE C3,7,98400.000,-63600.000,0.000,34800.000,0.000,34800.000
MAGIC,0180-1-BLK/RED-C3,7,98000.000,-50000.000,0.000,48000.000,0.000,48000.000
MAD,08039-PEPPA-C6,7,76800.000,-19200.000,-9600.000,48000.000,0.000,48000.000
SUSSY,3594-CHOKO/BLUE-C35-30,7,124800.000,-82200.000,0.000,42600.000,0.000,42600.000
MAGIC,0180-1-BLK/SLV-C2,7,98400.000,-22300.000,0.000,76100.000,0.000,76100.000
IBIZA,1601-BLK/BLUE C3,7,80100.000,-6100.000,0.000,74000.000,0.000,74000.000
81306,81306-BLKGOLD/BLT-C2,7,79700.000,-2150.000,0.000,77550.000,0.000,77550.000
BENEFIT,398-GOLD/FD-C2,7,100300.000,-39700.000,0.000,60600.000,0.000,60600.000
SELFIE POLARIZED,P1680-BLK/BLK C1,7,130100.000,-56866.670,-18833.330,54400.000,0.000,54400.000
Z POLARIZED,GUP009-BLKFD-C1,7,85900.000,-6100.000,0.000,79800.000,0.000,79800.000
MAN 8029,8029-BROWN-C2,7,110400.000,-58200.000,0.000,52200.000,0.000,52200.000
POSH POLARIZED,AP1059-BLK/PINK-C5,6,57600.000,-9600.000,0.000,48000.000,0.000,48000.000
81306,81306-BLK/BLT-C1,6,98000.000,-27400.000,-9600.000,61000.000,0.000,61000.000
DOMINO,03672-BLACK-C9-31,6,57600.000,0.000,0.000,57600.000,0.000,57600.000
JULIET,08040-MATTE/BLK-C3,6,57600.000,0.000,0.000,57600.000,0.000,57600.000
FALCON,2237-RED-C9-79,6,86400.000,-49800.000,0.000,36600.000,0.000,36600.000
Z,GUW009-RED-C5,6,109400.000,-60200.000,0.000,49200.000,0.000,49200.000
BORA BORA adora,AP1613-BLK/BLK C1,6,61900.000,0.000,0.000,61900.000,0.000,61900.000
ALBATROSS,7115-BLUE,6,72000.000,-9600.000,0.000,62400.000,0.000,62400.000
UNIQUE,TR03-C1,5,75800.000,-13305.990,-15600.000,46894.010,0.000,46894.010
81301,81301-BRWN/BLT-C3,5,76300.000,-37900.000,-9600.000,28800.000,0.000,28800.000
SUS,SUS-BLUE,5,56600.000,-10400.000,0.000,46200.000,0.000,46200.000
5006,5006-SLV/BLT-C2,5,56200.000,-9600.000,0.000,46600.000,0.000,46600.000
5006,5006-BLKSLV/BLT-C6,5,48000.000,0.000,0.000,48000.000,0.000,48000.000
BORA BORA adora,AP1613-BRN/BRN C2,5,48000.000,0.000,0.000,48000.000,0.000,48000.000
MAD,08039-BLK/FADE-C1,5,48000.000,-19200.000,0.000,28800.000,0.000,28800.000
SQ Silver,7088-SLV/C4-62,5,95000.000,-31100.000,-12900.000,51000.000,0.000,51000.000
GOLDEN BRIDGE,36041-BRN,5,85400.000,-36200.000,0.000,49200.000,0.000,49200.000
Z,GUW009-BRN-C3,5,90700.000,-30100.000,-9600.000,51000.000,0.000,51000.000
JULIET,08040-BROWN-C2,5,57600.000,-9600.000,0.000,48000.000,0.000,48000.000
–ü–æ–¥–∞—Ä–æ–∫! –û—á–∫–∏-—Å—é—Ä–ø—Ä–∏–∑ üéÅ,GIFT-S,5,0.000,0.000,0.000,0.000,0.000,0.000
VITO,2348-VIOLET-C3-51,5,48000.000,0.000,0.000,48000.000,0.000,48000.000
PHANTOM,2218-BLK/BLKFD-C4-124,5,99800.000,0.000,0.000,99800.000,0.000,99800.000
HOT PARTY SUNRISE,183-WHITE/BLK,5,65800.000,-17800.000,-9600.000,38400.000,0.000,38400.000
LILY,08036-MTBLK-C3,5,56200.000,-8200.000,0.000,48000.000,0.000,48000.000
YOKO,08037-BEIGE-C6,5,129600.000,-90600.000,-7800.000,31200.000,0.000,31200.000
LIBERTY,TR-04 C2,5,52300.000,-7100.000,0.000,45200.000,0.000,45200.000
PHANTOM,2218-BLK/RED-C9-79,5,79600.000,-42300.000,0.000,37300.000,0.000,37300.000
FREEDOM,TR-01 C4,5,56200.000,-17800.000,0.000,38400.000,0.000,38400.000
80811,80811-GOLD/BLT-C1,4,38400.000,-9600.000,0.000,28800.000,0.000,28800.000
VITO,2348-BLACK-C9-08,4,81600.000,-40800.000,0.000,40800.000,0.000,40800.000
DOMINO,03672-BROWN-C8-19,4,48000.000,-9600.000,-9600.000,28800.000,0.000,28800.000
JAGA JAGA,167-GRN/BLT,4,38400.000,0.000,0.000,38400.000,0.000,38400.000
NEVADA PRO MAX,191-WHT/ROSE,4,46600.000,-18500.000,0.000,28100.000,0.000,28100.000
INDEPENDENCE,TR-08 C3,4,63000.000,-26700.000,0.000,36300.000,0.000,36300.000
IDOL,1670-BLK/RED-C4,4,63000.000,-35600.000,0.000,27400.000,0.000,27400.000
VITO,2348-GREEN-C3-84,4,38400.000,0.000,0.000,38400.000,0.000,38400.000
MIRA,7075-BLK/ROSEBLUE C9-43,4,76800.000,-32400.000,-9600.000,34800.000,0.000,34800.000
FREEDOM,TR-01 C2,4,50900.000,0.000,0.000,50900.000,0.000,50900.000
NEW AVIATOR,7073-BKL/SLVFD-C4-62,4,65300.000,-24900.000,0.000,40400.000,0.000,40400.000
WEST hideit,D2112-GOLD/YELLOW C8-79,4,38400.000,0.000,0.000,38400.000,0.000,38400.000
"MAN 6635, 8742, 6615",86615-C3,4,47000.000,-11750.000,0.000,35250.000,0.000,35250.000
POSH POLARIZED,AP1059-BLK/BLK-C1-C3,4,65200.000,-24400.000,-7800.000,33000.000,0.000,33000.000
MALIBU,173-MILKTORT/BLT,4,38400.000,0.000,0.000,38400.000,0.000,38400.000
MIRA,7075-BLK/SILVER C4-62,4,46600.000,-17800.000,0.000,28800.000,0.000,28800.000
PAPARAZZI,2258-GOLD/YEL-C3-81,4,70500.000,-5733.340,-22066.660,42700.000,0.000,42700.000
5004,5004-SLV/BLT-C2,4,54800.000,-26700.000,0.000,28100.000,0.000,28100.000
QT,7163-GOLD/BRN/PINK-C1,4,46600.000,0.000,0.000,46600.000,0.000,46600.000
IBIZA,1601-BLK/VLT C2,4,47000.000,-12200.000,0.000,34800.000,0.000,34800.000
OLIVIA,M322-RED,4,46600.000,-8900.000,0.000,37700.000,0.000,37700.000
OCTA,09047-BROWN-C2,3,28800.000,0.000,0.000,28800.000,0.000,28800.000
POSH POLARIZED,AP1059-BLK/BLUE-C4,3,38400.000,0.000,-9600.000,28800.000,0.000,28800.000
5004,5004-GOLD/BLT-C5,3,42700.000,-9600.000,-9600.000,23500.000,0.000,23500.000
81306,81306-BLUE/BLT-C4,3,33100.000,-6100.000,0.000,27000.000,0.000,27000.000
PHANTOM —Å—Ç–∞—Ä—ã–µ adora,2218-BLK/BLKFD-C4-124,3,28800.000,0.000,0.000,28800.000,0.000,28800.000
BEST,7175-BLK/BLK C2,3,55200.000,-30000.000,-9600.000,15600.000,0.000,15600.000
FALCON,2237-BLUE-C9-01,3,67200.000,-32400.000,-9600.000,25200.000,0.000,25200.000
80808,80808-BLK/BLT-C2,3,33100.000,-3150.000,0.000,29950.000,0.000,29950.000
OCTA,09047-BLK/FD-C1,3,38400.000,0.000,-9600.000,28800.000,0.000,28800.000
MAD,08039-BEIGE-C4,3,28800.000,0.000,0.000,28800.000,0.000,28800.000
80811,80811-BLKSLV/BLT-C6,3,37000.000,-17800.000,0.000,19200.000,0.000,19200.000
NEW AVIATOR,7073-GOLD/BRNFD,3,61400.000,-28400.000,-9600.000,23400.000,0.000,23400.000
5006,5006-GOLD/BLT-C5,3,37000.000,-9600.000,0.000,27400.000,0.000,27400.000
OLIVIA,M322-GREEN,3,33100.000,-6100.000,0.000,27000.000,0.000,27000.000
2146,2146-BLK/BLK,3,45200.000,0.000,0.000,45200.000,0.000,45200.000
LILY,08036-BLACK-C1,3,38400.000,-9600.000,-9600.000,19200.000,0.000,19200.000
Di POLARIZED,P7316-BLUE/BLK-C4-31,3,41300.000,-23900.000,0.000,17400.000,0.000,17400.000
5005,5005-BLKSLV/BLT-C6,3,43200.000,-24000.000,0.000,19200.000,0.000,19200.000
JAGA JAGA,167-BLK/BLT,3,37000.000,-17800.000,0.000,19200.000,0.000,19200.000
ChameleonX,XM6834-C1/BLK,3,59600.000,-34000.000,0.000,25600.000,0.000,25600.000
80808,80808-BLKSLV/BLT-C6,3,28800.000,0.000,0.000,28800.000,0.000,28800.000
GET READY POLARIZED,AP1205-BLK/BLUE-C4,3,28800.000,0.000,0.000,28800.000,0.000,28800.000
MIRA,7075-BLK/RED C9-124,3,37400.000,-6100.000,0.000,31300.000,0.000,31300.000
POWERFUL,TR02-C5,3,33100.000,-6100.000,0.000,27000.000,0.000,27000.000
BASILIO,7177-GOLD/BLK C6,3,87400.000,-28400.000,-15600.000,43400.000,0.000,43400.000
80811,80811-SLV/BLT-C5,3,46600.000,-17800.000,-9600.000,19200.000,0.000,19200.000
EVA,1120-BLK/BLK,3,60900.000,-18300.000,-15600.000,27000.000,0.000,27000.000
GRACE,AP1301-BRN/BRN-C2,3,96000.000,-24000.000,0.000,72000.000,0.000,72000.000
BEST,7175-GOLD/BRN C1,3,55200.000,-30000.000,-9600.000,15600.000,0.000,15600.000
81301,81301-GLSBLK/BLT-C1,3,28800.000,0.000,0.000,28800.000,0.000,28800.000
IBIZA,1601-GRYTORT/RED C7,3,33100.000,-6100.000,0.000,27000.000,0.000,27000.000
DOPE,M321-GREEN,3,61900.000,-24000.000,0.000,37900.000,0.000,37900.000
SELFIE POLARIZED,P1680-SLV/BLK C3,3,37400.000,-12200.000,0.000,25200.000,0.000,25200.000
81306,81306-CLR/BLT-C5,3,33100.000,0.000,0.000,33100.000,0.000,33100.000
81303,81303-BLK/BLT-C1,3,28800.000,0.000,0.000,28800.000,0.000,28800.000
POSH,A1059-BRN/BRN-C2,3,76800.000,-24000.000,-9600.000,43200.000,0.000,43200.000
5004,5004-BLKSLV/BLT-C6,3,37000.000,-17800.000,0.000,19200.000,0.000,19200.000
UNIQUE,TR03-C4,2,35600.000,-17800.000,0.000,17800.000,0.000,17800.000
STRONG,TR06-C4,2,35600.000,-35600.000,0.000,0.000,0.000,0.000
Man 16129,16129-BLUE-C4-66,2,48000.000,-32400.000,0.000,15600.000,0.000,15600.000
5005,5005-GOLD/BLT-C5,2,27400.000,0.000,0.000,27400.000,0.000,27400.000
81309,81309-GREY/BLT-C2,2,19200.000,0.000,0.000,19200.000,0.000,19200.000
81308,81308-BLK/BLT-C1,2,28800.000,-9600.000,-9600.000,9600.000,0.000,9600.000
NEW AVIATOR,7073-BLK/PURPPINK-C9-43,2,31700.000,-17800.000,0.000,13900.000,0.000,13900.000
–ï—â–µ –ø–æ–¥–∞—Ä–æ–∫! –û—á–∫–∏-—Å—é—Ä–ø—Ä–∏–∑ üéÅ,GIFT-S2,2,0.000,0.000,0.000,0.000,0.000,0.000
MAN 8028,8028-BROWN-C2,2,41800.000,-16200.000,0.000,25600.000,0.000,25600.000
MAN 8028,8028-BLK/FD-C4,2,48000.000,-32400.000,0.000,15600.000,0.000,15600.000
CLASSIC,TR11-C1,2,27400.000,-9600.000,0.000,17800.000,0.000,17800.000
VITO,2348-BROWN-C10-02,2,19200.000,0.000,0.000,19200.000,0.000,19200.000
MALIBU,173-GRN/BLT,2,33600.000,-16200.000,0.000,17400.000,0.000,17400.000
LIBERTY,TR-04 C5,2,27400.000,0.000,0.000,27400.000,0.000,27400.000
BRAVE,TR05-C2,2,35600.000,0.000,0.000,35600.000,0.000,35600.000
OCTA,09047-GRAY-C4,2,19200.000,0.000,0.000,19200.000,0.000,19200.000
LOKI,TR-2273-C2,2,48000.000,-24000.000,0.000,24000.000,0.000,24000.000
INDEPENDENCE,TR-08 C4,2,33100.000,-6100.000,-7800.000,19200.000,0.000,19200.000
PAPARAZZI,2258-GOLD/RED-C8-82,2,19200.000,0.000,0.000,19200.000,0.000,19200.000
81305,81305-BLK/BLT-C1,2,27400.000,0.000,0.000,27400.000,0.000,27400.000
81305,81305-GRY/BLT-C3,2,19200.000,0.000,0.000,19200.000,0.000,19200.000
EMMA,S087-BEIGE,2,33600.000,-1500.000,0.000,32100.000,0.000,32100.000
INDEPENDENCE,TR-08 C5,2,35600.000,-19580.000,0.000,16020.000,0.000,16020.000
IBIZA,1601-WHT/RED C6,2,23500.000,-6100.000,0.000,17400.000,0.000,17400.000
GOLDEN BRIDGE,36041-PEACH,2,48000.000,-48000.000,0.000,0.000,0.000,0.000
JOWANNA,7170-SLV/GREY C2,2,27400.000,-8900.000,0.000,18500.000,0.000,18500.000
QT,7163-GOLD/GRNPINK-C5,2,19200.000,-21.850,0.000,19178.150,0.000,19178.150
POWERFUL,TR02-C3,2,41800.000,-17800.000,0.000,24000.000,0.000,24000.000
LILY,08036-GRAY-C5,2,19200.000,0.000,0.000,19200.000,0.000,19200.000
LILY,08036-BROWN-C2,2,19200.000,-9600.000,0.000,9600.000,0.000,9600.000
81301,81301-MTBLK/BLT-C2,2,19200.000,0.000,0.000,19200.000,0.000,19200.000
Z,GUW009-BLKFD-C1,2,33600.000,0.000,0.000,33600.000,0.000,33600.000
IDOL,1670-BLK/YELLOW-C2,2,19200.000,0.000,0.000,19200.000,0.000,19200.000
BELLA POLARIZED,AP1057-BLK/PINK-C5,2,19200.000,0.000,0.000,19200.000,0.000,19200.000
JULIET,08040-BEIGE-C4,2,19200.000,0.000,0.000,19200.000,0.000,19200.000
81306,81306-TORTBRN/BLT-C3,2,33600.000,-24000.000,0.000,9600.000,0.000,9600.000
SUSSY,3594-CRYSTAL/PINK-C17-28,2,43200.000,-16200.000,-9600.000,17400.000,0.000,17400.000
DOPE,M321-TORT/BRN,1,13900.000,-6100.000,0.000,7800.000,0.000,7800.000
JAGA JAGA,167-MILKTORT/BLT,1,17800.000,0.000,0.000,17800.000,0.000,17800.000
GRACE,AP1301-BRN/FD-C6,1,13900.000,-6100.000,0.000,7800.000,0.000,7800.000
Di POLARIZED,P7316-SLV/SLV-C3-33,1,13900.000,-6100.000,0.000,7800.000,0.000,7800.000
SQ,7088-GOLD/BRN C10-02,1,13900.000,-6100.000,0.000,7800.000,0.000,7800.000
VITO,2348-BLACK-C9-08,1,9600.000,0.000,0.000,9600.000,0.000,9600.000
ECSTASY,AC151-BLK/SLV,1,9600.000,0.000,0.000,9600.000,0.000,9600.000
Di POLARIZED,P7316-GM/BLKFD-C2-31,1,9600.000,0.000,0.000,9600.000,0.000,9600.000
MAGIC,0180-GM/BLK C4,1,17800.000,-8900.000,0.000,8900.000,0.000,8900.000
ADVENTURE,TR-10 C5,1,9600.000,0.000,0.000,9600.000,0.000,9600.000
JULIET,08040-BLUE-C5,1,9600.000,0.000,0.000,9600.000,0.000,9600.000
5005,5005-SLV/BLT-C2,1,17800.000,0.000,0.000,17800.000,0.000,17800.000
XLVL,AC152-GOLD/GOLD C1,1,24000.000,-16200.000,0.000,7800.000,0.000,7800.000
81305,81305-TORTBLK/BLT-C2,1,17800.000,0.000,0.000,17800.000,0.000,17800.000
IVY,3677-BROWN-C8-02,1,9600.000,0.000,0.000,9600.000,0.000,9600.000
ALBATROSS,7115-GREEN,1,9600.000,-9600.000,0.000,0.000,0.000,0.000
SENSATION POLARIZED,7053P-PINK/PINK-C5,1,13900.000,0.000,0.000,13900.000,0.000,13900.000
5005,5005-BLK/BLT-C3,1,24000.000,0.000,0.000,24000.000,0.000,24000.000
POSH,A1059-BLK/PINK-C5,1,9600.000,0.000,0.000,9600.000,0.000,9600.000
MAD,08039-BLUE-C5,1,9600.000,0.000,0.000,9600.000,0.000,9600.000
PHANTOM PINK,2218-c9-79-PINK,1,9600.000,0.000,0.000,9600.000,0.000,9600.000
JAGA JAGA,167-YELLOW/BLT,1,9600.000,0.000,0.000,9600.000,0.000,9600.000
CLASSIC,TR11-C4,1,17800.000,0.000,0.000,17800.000,0.000,17800.000
ALBATROSS,7115-BEIGE,1,9600.000,0.000,0.000,9600.000,0.000,9600.000
STRONG,TR06-C2,1,27400.000,0.000,-9600.000,17800.000,0.000,17800.000
81309,81309-PINK/BLT-C5,1,24000.000,0.000,0.000,24000.000,0.000,24000.000
80809,80809-SLV/BLT-C5,1,19200.000,0.000,-9600.000,9600.000,0.000,9600.000
81309,81309-BLK/BLT-C1,1,9600.000,0.000,0.000,9600.000,0.000,9600.000
IVY,3677-BLACK-C9-08,1,9600.000,0.000,0.000,9600.000,0.000,9600.000
ALBATROSS,7115-BLKFD,1,24000.000,0.000,0.000,24000.000,0.000,24000.000
STEVE,TR-07 C3,1,9600.000,0.000,0.000,9600.000,0.000,9600.000
INDEPENDENCE,TR-08 C2,1,17800.000,0.000,0.000,17800.000,0.000,17800.000
SUSSY,3594-PEPPA-C30-27,1,19200.000,0.000,-9600.000,9600.000,0.000,9600.000
Tropica,63058-ORANGE,1,24000.000,0.000,0.000,24000.000,0.000,24000.000
QT,7163-SLV/BLUE-C3,1,13900.000,-6100.000,0.000,7800.000,0.000,7800.000
SENSATION POLARIZED,7053P-RED/RED-C6,1,13900.000,0.000,0.000,13900.000,0.000,13900.000
XLVL,AC152-BLK/BLK C5,1,29000.000,-19400.000,0.000,9600.000,0.000,9600.000
CLASSIC,TR11-C5,1,17800.000,-17800.000,0.000,0.000,0.000,0.000
SHINE,7174-SLV/BRNBL C4,1,9600.000,-9600.000,0.000,0.000,0.000,0.000
UNIQUE,TR03-C2,1,13900.000,-6100.000,0.000,7800.000,0.000,7800.000
BORA BORA adora,AP1613-BLK/RED C3,1,13900.000,0.000,0.000,13900.000,0.000,13900.000
MAN 8029,8029-BLK/FD-C4,1,17800.000,-17800.000,0.000,0.000,0.000,0.000
DELTAPLANE POLARIZED,AP135-BLUE/BLK-C4-31,1,19200.000,0.000,-9600.000,9600.000,0.000,9600.000
Man 08184,08184-BLK/GRN-C9-34,1,17800.000,0.000,0.000,17800.000,0.000,17800.000
PHANTOM —Å—Ç–∞—Ä—ã–µ adora,2218-BLK/SLVFD-C4-62,1,9600.000,0.000,0.000,9600.000,0.000,9600.000
SADMAN,2008-GOLD/BLK,1,9600.000,0.000,0.000,9600.000,0.000,9600.000
Man 08184,08184-SLV-C3-33,1,17800.000,-17800.000,0.000,0.000,0.000,0.000
UNIQUE,TR03-C5,1,13900.000,-6100.000,0.000,7800.000,0.000,7800.000
IBIZA hideit,1601-BLK/BLUE C3,1,9600.000,0.000,0.000,9600.000,0.000,9600.000
IVY,3677-BEIGE-C17-28,1,19200.000,0.000,-9600.000,9600.000,0.000,9600.000
SELFIE POLARIZED,P1680-BRN/BRN C2,1,24000.000,-16200.000,0.000,7800.000,0.000,7800.000
POWERFUL,TR02-C4,0,13900.000,-6100.000,-7800.000,0.000,0.000,0.000